<?xml version="1.0" encoding="UTF-8" standalone="no"?><konferencia xmlns:xsi="http://www.w3.org/2001/XMLSchema-instance" xsi:noNamespaceSchemaLocation="XMLSchemaZM4TLG.xsd"> 

    <!-- Konferencia központok -->
	<!-- kozpont 1. példánya -->
    <kozpont kpkod="kp1">
        <nev>Budapest Kongresszusi Központ</nev>
        <cim>
            <varos>Budapest</varos>
            <utca>Jagelló út</utca>
            <hazszam>1-3</hazszam>
        </cim>
        <kategoriak>
            <kategoria>Nemzetközi konferenciák</kategoria>
			<kategoria>Gála rendezvények</kategoria>
        </kategoriak>
    </kozpont>
	<!-- kozpont 2. példánya -->
    <kozpont kpkod="kp2">
        <nev>Debreceni Konferenciaközpont</nev>
        <cim>
            <varos>Debrecen</varos>
            <utca>Kossuth utca</utca>
            <hazszam>10</hazszam>
        </cim>
        <kategoriak>
            <kategoria>Üzleti események</kategoria>
            <kategoria>Oktatási rendezvények</kategoria>
			<kategoria>Vállalkozói workshopok</kategoria>
        </kategoriak>
    </kozpont>
	<!-- kozpont 3. példánya -->
    <kozpont kpkod="kp3">
        <nev>Szegedi Konferenciaközpont</nev>
        <cim>
            <varos>Szeged</varos>
            <utca>Dóm tér</utca>
            <hazszam>2</hazszam>
        </cim>
        <kategoriak>
            <kategoria>Kutatási konferenciák</kategoria>
            <kategoria>Nemzetközi találkozók</kategoria>
			<kategoria>Informatikai workshopok</kategoria>
        </kategoriak>
    </kozpont>

    <!-- Főszervezők -->
	<!-- foszervezo 1. példánya -->
    <foszervezo fszkod="fsz1" kp_fsz="kp1">
        <nev>Nagyné Kiss Dóra</nev>
        <kontakt>
            <mail>kiss.dora@example.com</mail>
            <tel>+3612345678</tel>
        </kontakt>
        <vegzettseg>Rendezvényszervező MSc  - KJE</vegzettseg>
        <vegzettseg>Kommunikáció szak - ELTE</vegzettseg>
        <nyelv>angol</nyelv>
        <nyelv>német</nyelv>
    </foszervezo>
	<!-- foszervezo 2. példánya -->
    <foszervezo fszkod="fsz2" kp_fsz="kp2">
        <nev>Horváth András</nev>
        <kontakt>
            <mail>horvath.andras@example.com</mail>
            <tel>+3620123456</tel>
        </kontakt>
        <vegzettseg>Marketing BA - BGE</vegzettseg>
		<vegzettseg>Intézményi kommunikátor OKJ - Budai Továbbképző Intézmény</vegzettseg>
        <nyelv>angol</nyelv>
		<nyelv>francia</nyelv>
    </foszervezo>
	<!-- foszervezo 3. példánya -->
    <foszervezo fszkod="fsz3" kp_fsz="kp3">
        <nev>Szabó Eszter</nev>
        <kontakt>
            <mail>szabo.eszter@example.com</mail>
            <tel>+3630123456</tel>
        </kontakt>
        <vegzettseg>Nemzetközi kapcsolatok BA - ELTE </vegzettseg>
		<nyelv>angol</nyelv>
		<nyelv>német</nyelv>
        <nyelv>orosz</nyelv>
		<nyelv>spanyol</nyelv>
    </foszervezo>

    <!-- Szervezők -->
	<!-- szervezo 1. példánya -->
    <szervezo kp_sz="kp1" szkod="sz1">
        <nev>Molnár Péter</nev>
        <kontakt>
            <mail>molnar.peter@example.com</mail>
            <tel>+36207878787</tel>
        </kontakt>
        <szakterulet>Kommunikáció és Social Media management</szakterulet>
        <vegzettseg>Rendezvényszervező OKJ - KJE</vegzettseg>
        <vegzettseg>PR szak - PTE </vegzettseg>
        <nyelv>angol</nyelv>
    </szervezo>
	<!-- szervezo 2. példánya -->
    <szervezo kp_sz="kp2" szkod="sz2">
        <nev>Nagy Katalin</nev>
        <kontakt>
            <mail>nagy.katalin@example.com</mail>
            <tel>+3620131111</tel>
        </kontakt>
        <szakterulet>Jogi és biztonsági kérdések</szakterulet>
        <vegzettseg>Rendezvényszervező OKJ - BGE </vegzettseg>
        <nyelv>német</nyelv>
		<nyelv>angol</nyelv>
    </szervezo>
	<!-- szervezo 3. példánya -->
    <szervezo kp_sz="kp3" szkod="sz3">
        <nev>Tóth András</nev>
        <kontakt>
            <mail>toth.andras@example.com</mail>
            <tel>+36301144111</tel>
        </kontakt>
        <szakterulet>Programszervezés és előadómanagement</szakterulet>
        <vegzettseg>Marketing BA - BCE</vegzettseg>
        <nyelv>angol</nyelv>
    </szervezo>
	<!-- szervezo 4. példánya -->
	<szervezo kp_sz="kp1" szkod="sz4">
        <nev>Lee András</nev>
        <kontakt>
            <mail>lee.andras@example.com</mail>
            <tel>+36301144777</tel>
        </kontakt>
        <szakterulet>Programszervezés és előadómanagement</szakterulet>
        <vegzettseg>Rendezvényszervező OKJ - BGE </vegzettseg>
        <nyelv>orosz</nyelv>
		<nyelv>kínai</nyelv>
    </szervezo>

    <!-- Technikusuk  -->
	<!-- technikus 1. példánya -->
    <technikus kp_t="kp1" tkod="t1">
		<nev>Farkas Dávid</nev>
		<kontakt>
			<mail>farkas.david@example.com</mail>
			<tel>+3612552222</tel>
		</kontakt>
		<eszkozismeret>Yamaha CL5 keverőpult</eszkozismeret>
		<eszkozismeret>Shure UR4D+ rendszer</eszkozismeret>
		<eszkozismeret>Windows OS</eszkozismeret>
		<vegzettseg>Hangtechnikus OKJ - Erkel Ferenc Szakiskola</vegzettseg>
		<vegzettseg>Világítástechnikus OKJ - Neumann János Szakiskola</vegzettseg>
		<nyelv>angol</nyelv>
		<nyelv>német</nyelv>
	</technikus>
	<!-- technikus 2. példánya -->
	<technikus kp_t="kp2" tkod="t2">
		<nev>Varga Eszter</nev>
		<kontakt>
			<mail>varga.eszter@example.com</mail>
			<tel>+3620222277</tel>
		</kontakt>
		<eszkozismeret>DMX vezérlő</eszkozismeret>
		<eszkozismeret>LightShark LS-Core</eszkozismeret>
		<eszkozismeret>MAC OS</eszkozismeret>
		<eszkozismeret>Windows</eszkozismeret>
		<vegzettseg>Világítástechnikai mérnök BSc - DE</vegzettseg>
		<nyelv>angol</nyelv>
	</technikus>
	<!-- technikus 3. példánya -->
	<technikus kp_t="kp3" tkod="t3">
		<nev>Horváth Bence</nev>
		<kontakt>
			<mail>technikus.szeged@example.com</mail>
			<tel>+3630222229</tel>
		</kontakt>
		<eszkozismeret>Yamaha CL5 keverőpult</eszkozismeret>
		<eszkozismeret>DMX vezérlő</eszkozismeret>
		<eszkozismeret>MAC OS</eszkozismeret>
		<eszkozismeret>Windows</eszkozismeret>
		<eszkozismeret>Christine Media Server</eszkozismeret>
		<vegzettseg>Műszaki menedzser FoSZk - SZTE</vegzettseg>
		<nyelv>angol</nyelv>
		<nyelv>német</nyelv>
	</technikus>
	<!-- technikus 4. példánya -->
	<technikus kp_t="kp3" tkod="t4">
		<nev>Magyar Viktor</nev>
		<kontakt>
			<mail>technikus.szeged@example.com</mail>
			<tel>+3630222289</tel>
		</kontakt>
		<eszkozismeret>DMX vezérlő</eszkozismeret>
		<eszkozismeret>Windows</eszkozismeret>
		<eszkozismeret>Korg BT DIGIT keverőpult</eszkozismeret>
		<vegzettseg>Hangtechnikus OKJ - Liszt Ferenc Szakiskola</vegzettseg>
		<nyelv>angol</nyelv>
	</technikus>

    <!-- Résztvevők -->
	<!-- resztvevo 1. példánya -->
    <resztvevo rtkod="rt1">
        <nev>Szabó Gábor</nev>
        <munkaterulet>Informatika</munkaterulet>
        <mail>szabo.gabe@example.com</mail>
        <cim>
            <varos>Győr</varos>
            <utca>Baross Gábor út</utca>
            <hazszam>22</hazszam>
        </cim>
    </resztvevo>
	<!-- resztvevo 2. példánya -->
    <resztvevo rtkod="rt2">
        <nev>Kovács Réka</nev>
        <munkaterulet>Oktatás</munkaterulet>
        <mail>kovacs.reka@example.com</mail>
        <cim>
            <varos>Pécs</varos>
            <utca>Rákóczi út</utca>
            <hazszam>15</hazszam>
        </cim>
    </resztvevo>
	<!-- resztvevo 3. példánya -->
    <resztvevo rtkod="rt3">
        <nev>Lukács András</nev>
        <munkaterulet>Kutatás</munkaterulet>
        <mail>lukacs.andras@example.com</mail>
        <cim>
            <varos>Szeged</varos>
            <utca>Halász utca</utca>
            <hazszam>19</hazszam>
        </cim>
    </resztvevo>
	
    <!-- Regisztrációk -->
	<!-- regisztracio #1 -->
    <regisztracio kp_rt_kp="kp1" kp_rt_rt="rt1">
        <osszeg>15000</osszeg>
        <esemeny>Nemzetközi Tudományos Konferencia</esemeny>
    </regisztracio>
	<!-- regisztracio #2 -->
    <regisztracio kp_rt_kp="kp2" kp_rt_rt="rt2">
        <osszeg>12000</osszeg>
        <esemeny>Üzleti Fórum</esemeny>
    </regisztracio>
	<!-- regisztracio #3 -->
    <regisztracio kp_rt_kp="kp3" kp_rt_rt="rt3">
        <osszeg>14000</osszeg>
        <esemeny>AI training Workshop</esemeny>
    </regisztracio>
	<!-- regisztracio #4 -->
    <regisztracio kp_rt_kp="kp1" kp_rt_rt="rt3">
        <osszeg>13000</osszeg>
        <esemeny>Oktatási Szakmai Nap</esemeny>
    </regisztracio>

</konferencia>